titulo,autor,exemplar,area
PEQUENO DICIONARIO PORTUGUES ALEMAO,R. MESQUITA,EX.01,ALEMAO
DICIONARIO ALEMAO PORTUGUES,MICHAELIS,EX.01,ALEMAO
MINIDICIONARIO PORTUGUES ALEMAO,MICHAELIS,EX.01,ALEMAO
MINIDICIONARIO LANGENSCHEIDTS UNIVERSAL,LANGENSCHEDITS,EX.01,ALEMAO
WORTERBUCH PORTUGUES ALEMAO,LANGENSCHEIDTS,EX.01,ALEMAO
LANGENSCHEIDT TASCHENWORTERBUCH,LANGENSCHEIDT,EX.01,ALEMAO
LANGENSCHEIDT TASCHENWORTERBUCH,LANGENSCHEIDT,EX.02,ALEMAO
PORTUGUES / ALEMAO,LANGENSCHEIDT,EX.01,ALEMAO
DUDEN RECHTSCHREIBUNG,SCHULER,EX.01,ALEMAO
DUDEN 1 DIE DEUTSCHCHE,RECHTSCHREIBUNG,EX.01,ALEMAO
DUDEN 2 STILWORTERBUCH,HANDAPPARAT,EX.01,ALEMAO
DUDEN 3 STILWORTERBUCH,BILDER,EX.01,ALEMAO
DUDEN 5 FRENDWORTERBUCH,WORTSCHATZ,EX.01,ALEMAO
DUDEN 6 AUSSPRACHE WORTERBUCH,HANDAPPARAT,EX.01,ALEMÃO
DUDEN 7 HERKUNFTS WORTERBUCH,WORTSCHATZ,EX.01,ALEMAO
DUDEN 8 SINN-UND SAC- VERWANDTE WORTER,WORTSCHATZ,EX.01,ALEMAO
DUDEN 9 RICHTIGES UND GUTES DEUTSCH,HORTSCHATZ,EX.01,ALEMAO
DUDEN 10 BEDENTUNGS WORTERBUCH,WORTESCHATZ,EX.01,ALEMAO
DUDEN 11 REDEWENDUGEN,HANDAPPARAT,EX.01,ALEMAO
TANGRAN 1-C?CD KURSBUCH,HUEBER,EX.01,ALEMAO
STUDIO D -A-1,HERMAN FUNK,EX.01,ALEMAO
UNBUNGRAMAMATIK,AXEL HERING,EX.01,ALEMAO
LEHRWEERKANALYSE,MAREN DUSZENKO,EX.01,ALEMAO
STUFEN 1,ANNE VORDERWULBECKE,EX.01,ALEMAO
DIE SCHONE IST ANGEKOMMEN,LINDA M. BRAND,EX.01,ALEMAO
DEUTSCHE GRAMMATIK IM UBUNGEN,LUDWIG KRONER,EX.01,ALEMAO
DEUTSCHE GRAMMATIK IM UBERBLICK,LUDWIIG KRONER,EX.01,ALEMAO
DIE KROMUNG DER SCHOSTEN STUDEN,SABINE WOLF,EX.01,ALEMAO
LANGENSCHEIDTS TASCHEN WORTER BUCH III,EDMUND KRAT,EX.01,ALEMAO
LANGENSCHEIDTS TASCHEN WORTER -P&ENG. I,FRIEDRICH IRMEN,EX.01,ALEMAO
VOCABULARIO BASICO DE ALEMAO,EDITORA GLOBO,EX.01,ALEMAO
SCHULER DUDEN- DIE MUSIK,GERHARD KWIATKOWSK,EX.01,ALEMAO
THEMEN NEU 1 -ARBEITSBUCH-,EIKO BOCK,EX.01,ALEMAO
THEMEN NEU 1- GLOSSARIO,HENRIQUE S. DE OLIVEIRA,EX.01,ALEMAO
THEMEN NEU I – KURSBUCH,HEIKO BOCK,EX.01,ALEMAO
THEMEN NEU 1 - LEHRERHANDBUCK-,MECHTHID GERDES,EX.01,ALEMAO
THEMEN NEU 1 -ARBEITSBUCH- AUSLAND,HUEBER,EX.01,ALEMAO
THEMEN NEU II-ARBEITSBUCH - AUSLAND-,WERNER BONZLI,EX.02,ALEMAO
THEMEN NEU II- GLOSSAR - ALEMAO PORTUGUES,HENRIQUE S. DE OLIVEIRA,EX.01,ALEMAO
THEMEN NEU II-ARBEITSBUCH - AUSLAND-,WERNER BONZLI,EX.01,ALEMAO
THE GAMBLING APOCALYPSE,KAIJI,EX.01,JAPONES
THE GAMBLING APOCALYPSE,KAIJI,EX.04,JAPONES
DIE SUCHE PROBEKAPITEL,HANS M. ENZENSBERGER,EX.01,ALEMAO
THE SUCHE TEXTEBUCH 1,VOLKER EISMANN,EX.01,ALEMAO
OH MARIA,FELIX E THEO,EX.01,ALEMAO
MOMENT MAL - ARBEITSBUCH II-,LUKAS WERTENSCHEAG,EX.01-EX.02-,ALEMAO
MOMENT MAL- LEHRBUCK I-,MARTIN MULLER,EX.01-EX.02-,ALEMAO
MOMENT MAL- LEHRBUCH II- E,MARTIN MULLER,EX.01-EX.02-,ALEMAO
MOMENT MAL- GLOSSARIO -ALEMAO/ESPANHOL,PAUL RUSH,EX.01,ALEMAO
ALLES GUTE -1989,RALF A. BALTZER,EX.01,ALEMAO
THE GAMBLING APOCALYPSE,KAIJI,EX.07,JAPONES
DEUTSCH WARUM NICHT (2),HERRAD MEESE,EX.01-EX.02-EX.03-EX.O4-EX.05-EX.06-EX.07,ALEMAO
DEUTSCH WARUM NICHT (3),HERRAD MEESE,EX.01-EX.02-EX.03-EX.04-EX.05-EX.06-EX.07-EX.08,ALEMAO
DUTSCH WARUM NICHT (4),HERRAD MEESE,EX.01-EX.02-EX.03-EX.04-EX.05-EX.06-EX.07,ALEMAO
AUL DEUTSCH GESAG (2) EX. 01,RUDOLF SCHNEIDER,EX.01,ALEMAO
AUF DEUTSCH GESAGT,RUDOLF SCHNAIDER,EX.01-EX.02-EX.03-EX.04-EX.05-EX.06-EX.07-EX.08,ALEMAO
DAS DEUTSCHMOBIL (1) FUR KINDER ARBT.,JUTTA DOUVITSAS,EX.01-EX.02-,ALEMAO
DAS DEUTSCHMOBIL (1) KINDER -LEHRERHANDBOCH,JUTTA DOUVITSAS,EX.01,ALEMAO
DAS DETSCHCHAMOBIL KINDER,JUTTA DOUVITSAS,EX.01-EX.02-,ALEMAO
DAS DEUTSCHCHMOBIL -KINDER- LEHRBOCH,JUTTA DOUVTSAS,EX.01,ALEMAO
"THIEL, O GUARDA LINHA",GERHART HOUPT MANN,EX.01,ALEMAO
ZOLF HEITERE KURZGESCHICHTEN,GUTER SPANG,EX.01,ALEMAO
EIN HANS AUS LAUTER LIEBE,SIEGISFRIED LENS,EX.01,ALEMAO
GRAU IST ALLE THEORIE,GERTRUD SEIDMANN,EX.01,ALEMAO
DEUTSCHE MARCHEN UND SAGEN,ROSEMARIE GRIENSBACH,EX.01,ALEMAO
KEIN SCHNAPS FUR TAMARA,HANSJORG MARTIN,EX.01,ALEMAO
EMIL UND DIE DETEKTIVE,ERICH KASTNER,EX.01,ALEMAO
MEIN ONKEL FRANZ,ERICK KASTNER,EX.01,ALEMAO
LAS CASAS,HANS MAGNUS ENZENSBERGER,EX.01,ALEMAO
DER GETEILTE HIMMEL,CHRISTA WOLF,EX.01,ALEMAO
DER GOTLICHE BLICK,BODO M. WOLF,EX.01,ALEMAO
SCHANGENBADEN,STEFANIE MENZINGER,EX.01,ALEMAO
EIN HAUS AUS LAUTER LEIBE,SIEGFRIED LENS,EX.01,ALEMAO
MAN KANN RUHIG DARUBER SPRECHEN,HEINRICH SPOERL,EX.01,ALEMAO
MARCHEN AUS DEM ORIENT,WILHELM HAUFF,EX.01,ALEMAO
CURSO INTENSIVO DE ESPANHOL RáPIDO-,LOURDES MIQUEL-CUADERNO DE EJERCICIOS,EX.01-EX.02-,ESPANHOL
ESPAñOL SIN FRONTERAS- LIBRO DEL ALUMNO,JESUS SANCHES -ELEMENTAL,EX.01,ESPANHOL
ESPAñOL SIN FRONTERAS -CUADERNO DE EJERCICIOS,JESUS SANCHES,EX.01,ESPAñOL
SUEñA (1) EX.01-EX.0HTTP://WWW2.CEL.UNICAMP.BR/BIBLI/COLABORADOR_LIVROS/LIVROS.PHP?PAGE=882,M. ANGELES ALVAREZ MARTINEZ,EX.01-EX.02-,ESPANHOL
EXPANSION,ROMANOS & JACIRA,EX.01,ESPANHOL
EL ARTE DE LEER ESPAñOL -ENSINO MEDIO,DEISE CRISTINA DE LIMA PICANçO,EX.01,ESPANHOL
MUCHO (3),ADDA NARI -LIBRO DEL PROFESSOR,EX.01,ESPANHOL
COMPAñEROS (2)LIBRO DEL ALUMNO,FRANCISCA CASTRO,EX.01-EX.02-,ESPANHOL
ESPAñOL SIN FRONTERAS -NIVEL SUPERIOR,JESUS SANCHES LOBATO,EX.01,ESPANHOL
ARRIBA (4)C/ CD,BEATRIZ NOVICK,EX.01,ESPANHOL
ARRIBA (4),BEATRIZ NOVICK,EX.01-EX.02-,ESPANHOL
ARRIBA (4) LIBRO DEL ALUMNO,BEATRIZ NOVICK,EX.01,ESPANHOL
SUEñA -(2)- CUADERNO DE EJERCICIOS,ANAYA,EX.01,ESPAñOL
ARRIBA (2),MARILIA VASQUES CALLEGARI,EX.01,ESPANHOL
CURSO DE ESPAñOL PARA ESTRANJEROS (2),VIRGILIO BAROBIO -LIBRO DEL ALUMNO,EX.01,ESPANHOL
DON JUAN TENORIO- (3),JOSE ZORRILLA,EX.01-EX.02-EX.03,ESPANHOL
EL ORO DE LOS SUEñOS,JOSE MARIA MERINO,EX.01,ESPANHOL
EL SEñOR PRESIDENTE -(6),MIGUEL ANGEL ASTURIAS,EX.01,ESPANHOL
QUE CAMINO TOMAR?,EDWIN BECERRA,EX.01,ESPANHOL
PARA LOS NIñOS SIEMPRE HAY TIEMPO,MARIA ESMERALDA BALLESTEROS,EX.01,ESPANHOL
MACHUPIJCHU,VICTOR ANGLES VARGAS,EX.01,ESPANHOL
VIAJE AL CENTRO DE LA TIERRA,JULIO VERNE,EX.01,ESPANHOL
LOS CUENTOS DE TEPETONGO,SEVERINO SALAZAR,EX.01,ESPANHOL
EL HOMBRE DEL PERRITO,SIMENON,EX.01,ESPANHOL
RULFO - RELATOS,ALIANZA CIEN,EX.01,ESPANHOL
BOQUITAS PINTADAS,MANUEL PUIG,EX.01,ESPANHOL
UNA SEMANA EN SAO PAULO,RUBENS BORBA DE MORAIS,EX.01,ESPANHOL
LETRA MUERTA,JUAN JOSE MILLAS,EX.01,ESPANHOL
LA CELESTINA,FERNANDO DE ROJAS,EX.01,ESPANHOL
ROMANCERO GITANO,FEDERICO GARCIA LORCA,EX.01,ESPANHOL
ECO - B 1 -N. 2 -CUADERNO DE REFUERZO,EDELSA,EX.01-EX.02-,ESPANHOL
ECO B 2 - CURSO MODULAR DE ESPAñOL LENGUA EXTRANJERA-EX.01-EX.02,EDELSA,EX.01-EX.02-,ESPANHOL
QUIEN VA A CANTAR -,RADA,EX.01-EX.02-,ESPANHOL
CURSO DE PUESTA A PUNTO EN ESPAñOL,EDELSA,EX.01,ESPANHOL
PREPARACION CERTIFICADO INICIAL ESPAñOL LENGUA EXTRANJERA,EDELSA,EX.01,ESPANHOL
CONEXION - CANCIONES,DESCONHECIDO,EX.01-EX.02-EX.03,ESPANHOL
CONEXION -CD 1-EX.01-EX.02-EX.03,DESCONHECIDO,EX.01-EX.02-EX.03,ESPANHOL
CONEXION - CD 2,DESCONHECIDO,EX.01-EX.02-,ESPANHOL
HACIA EL ESPAñOL -INTERMEDIO,FATIMA CABRAL BRUNO,EX.01,ESPANHOL
HACIA EL ESPAñOL - AVANZADO,FATIMA CABRAL BRUNO,EX.01,ESPANHOL
HACIA EL ESPAñOL - LIBRO DEL ALUMNO,FATIMA CABRAL BRUNO,EX.01,ESPANHOL
ESPANHOL INTERMEDIARIO- TELL ME MORE,AURALOG-1999,EX.01,ESPANHOL
DICIONARIOS EM FRANCES,DIVERSOS,,FRANCES
DICIONARIO LAROSSE -LEXIS -DE A A Z- FRANCXFRANC,LAROUSSE,EX.01,FRANCES
LE PETIT LAROUSSE - FRAC. FRANC. (ILUSTREE),LAROUSSE,EX.01,FRANCES
GRAMMAIRE PROGRESSIVE,MAIA GREGOIRE,EX.01,FRANCES
VOCABULAIRE PROGRESSIF DU FRANçAIS DES AFFAIRES,JEAN LUC PENFORNIS,EX.01,FRANCES
GRAMMAIRE -EXERCICES - DEBUTANT,HACHETTE,EX.01,FRANCES
LETTTRES VIVES,HARCHETTE,EX.01,FRANCES
MORFONOLOGIA DO VERBO FRANCES E SUAS DECORRENCIAS PEDAGOGICAS,EDUSP,EX.01,FRANCES
PANORAMA 2,JACY GIRARDET,EX.01,FRANCES
ON NA JAMAIS FINI D A PPRENDRE A LIRE,MADELEINE DI MEGLIO,EX.01,FRANCES
GRAMMAIRE EXERçONS-NOUS,J. BRADY,EX.01,FRANCES
GRAMMAIRE -EXERCICES NIVEAU SUPERIEUR,J. CADIIOT,EX.01,FRANCES
PRATIQUE DES MATHEMATHIQUES ( DE A A Z),HARTIER,EX.01,FRANCES
L ILE AU TRESSOR,R.L. STEVENSON,EX.01,FRANCES
LES GRANDS CLASSIQUES (NATHAN) VOLTAIRE,JEAN JACQUES ROBRIEUX,EX.01,FRANCES
LE CHER EN BERRY AUJOURD HUI,MYLENE REMY,EX.01,FRANCES
LA REVOLUTION FRANçAISE-1787 -1788-1987-1988,COTHIAS,EX.01,FRANCES
LA REVOLITION FRSNÇAISE-VOL. III -1789 A 1989,COTLAS,EX.01,FRANCES
LA MODIFICATION BUTOR,BERNARD LALANDE,EX.01,FRANCES
PROJET D ORIENTATION,BRUNO MANGLIULO,EX.01,FRANCES
QUARTIER LATIN,GILBERT QUENELLE,EX.01,FRANCES
LE GRAND CAHIER,AGOTA KRISTOF,EX.01,FRANCES
LE CRIME DE SYLVESTRE BONNARD,ANATOLE FRANCE,EX.01,FRANCES
CONTES DU MARDI,ALFHONSE DAUDET,EX.01,FRANCES
TARTARIN DE TARASCON,ALPHONSE DAUDET,EX.01,FRANCES
CINQ MILLIARDS D HOMMES DAN UN VAISSEAU,ALBERT JACQUARD,EX.01,FRANCES
COURRIER SUD,ANTOINE DE SAINT EXUPERY,EX.01,FRANCES
LE PERE GORIOT .UNICAMP.BR/BIBLI/COLABORADOR_LIVROS/LIVROS.PHP?PAGE=22,BALZAC,EX.01-EX.02-,FRANCES
GAVROCHE - LES MISERABLES (3),VICTOR HUGO,EX.01,FRANCES
LES ACTES DES APOTRES,SOCIETES BIBLIQUES,,FRANCES
EUGENIE GRANDET,BALZAC,EX.01,FRANCES
LES LEJS DANS LA VALLE,BALZAC,EX.01,FRANCES
JOURNAL,ANDRE GIDE,EX.01,FRANCES
LES DENTES DU TIGRE,MAURICE LABLANC,EX.01,FRANCES
OEUVRES COMPLETES IV,MOLIERE,EX.01,FRANCES
COUP DE FROID,LINDA LA PLANTE,EX.01,FRANCES
LE RETOUR DE BISCOTTE MULLOTTE,ANNE-MARIE CHAPOUTON,EX.01,FRANCES
JACQUES CARTIER,ANDRE LESPAGNOL,EX.01,FRANCES
UN PETIT LOUP DE PLUS,MARIE-HELENE DELVAL,EX.01,FRANCES
UN TAXI MAUVE,MICHEL DEON,EX.01,FRANCES
VIE ET MORT DE JEANNE D ARC,REGINE PERNOUD,EX.01,FRANCES
LES TEMPS DES AMOURS,PAGNOL,EX.01,FRANCES
CABOT -CABOCHE,DANIEL PENNAC,EX.01,FRANCES
FERMINA MARQUEZ,VALERY LARBAUD,EX.01,FRANCES
LE PEINTRE ANTIQUE,CONSTANTIN THEOTOKIS,EX.01,FRANCES
ZAHRA,EVELYNE KUHN,EX.01,FRANCES
LE PREMIER LIVRE DES MERVEILLES,NATHANIEL HAWTHORNE,EX.01,FRANCES
LE JEU DE L AMOUR ET DU HASARD,MICHEL GILOT,EX.01,FRANCES
LA PRISE DE CONSTANTINOPLE,JEAN RICARDOU,EX.01,FRANCES
DIX PETITS NEGRES,AGATHA CHRISTIE,EX.01,FRANCES
ENFANCE ET ADOLESCENCE,TOLSTOI,EX.01,FRANCES
THERESE DESQUEYROUX,FRANçOIS MAURIAC,EX.01,FRANCES
LE ROSIER DE MADAME HUSSON,GUY DE MAUPASSANT,EX.01,FRANCES
TERRE DES HOMMES,ANTOINE DE SAINT-EXUPERY,EX.01,FRANCES
CANALETTO,ANTONIO PAOLUCCI,EX.01,FRANCES
LES SILENCES DU COLONEL BRAMBLE -,ANDRE MAUROIS,EX.01,FRANCES
LES SUICIDES,SIMENON,EX.01,FRANCES
LES MOTS,SARTRE,EX.01,FRANCES
LE MUR,SARTRE,EX.01,FRANCES
GARGANTUA,RABELAIS,EX.01,FRANCES
PENSEES,BLAISE PASCAL,EX.01,FRANCES
LA CHUTE,CAMUS,EX.01,FRANCES
PA PYRAMIDE ASSASSINEE,CHRISTIAN JACQ,EX.01,FRANCES
LES DENTES DU TIGRE,MAURICE LABLANC,EX.01,FRANCES
OEUVRES COMPLETES IV,MOLIERE,EX.01,FRANCES
COUP DE FROID,LINDA LA PLANTE,EX.01,FRANCES
LE RETOUR DE BISCOTTE MULLOTTE,ANNE-MARIE CHAPOUTON,EX.01,FRANCES
JACQUES CARTIER,ANDRE LESPAGNOL,EX.01,FRANCES
UN PETIT LOUP DE PLUS,MARIE-HELENE DELVAL,EX.01,FRANCES
UN TAXI MAUVE,MICHEL DEON,EX.01,FRANCES
VIE ET MORT DE JEANNE D ARC,REGINE PERNOUD,EX.01,FRANCES
LES TEMPS DES AMOURS,PAGNOL,EX.01,FRANCES
CABOT -CABOCHE,DANIEL PENNAC,EX.01,FRANCES
FERMINA MARQUEZ,VALERY LARBAUD,EX.01,FRANCES
LE PEINTRE ANTIQUE,CONSTANTIN THEOTOKIS,EX.01,FRANCES
ZAHRA,EVELYNE KUHN,EX.01,FRANCES
LE PREMIER LIVRE DES MERVEILLES,NATHANIEL HAWTHORNE,EX.01,FRANCES
LE JEU DE L AMOUR ET DU HASARD,MICHEL GILOT,EX.01,FRANCES
DOSSAIER DES PROFESSEURS,C.M.L. MONTROUGE,EX.01,FRANCES
CLIMATS,ANDRE MAUROIS,EX.01,FRANCES
ARRABAL,CHRISTIAN BOURGOIS (EDITEUR),EX.01,FRANCES
LES ENNEMIS ANIMAUX DES AGRUMES EN AFRIQUE DU NORD,PIERRE PIGUET,EX.01,FRANCES
LUCY CROWN,IRWIN SHAW,EX.01,FRANCES
BELEN MEMOIRES D UNE LISEUSE DE DRAPS,J.J.PAUVERT,EX.01,FRANCES
FIGURES,GERARD GENETTE,EX.01,FRANCES
CERCLE VICIEUX,ALDOUS HUXLEY,EX.01,FRANCES
LE MOULIN A PAROLES,MICHEL BENAMOU,EX.01,FRANCES
GEISHA,ARTHUR GOLDEN,EX.01,FRANCES
CDS -EM FRANCES,DIVERSOS,EX.01,FRANCES
FILME - A MULHER DO AVIADOR -CD,SEM TíTULO,EX.01,FRANCES
FILME - CONTO DE PRIMAVERA -CD,SEM TíTULO,EX.01,FRANCES
FILME - CONTO DE OUTONO-CD,SEM TíTULO,EX.01,FRANCES
FILME- PASSAPORTE PARA A VIDA -CD,SEM TITULO,EX.01,FRANCES
ALTER EGO (3) -CD,METHODO DE FRANCES,EX.01,FRANCES
JACQUES PREVERT ET SES INTERPRETES (CD) 1 ET (2),SEM TITULO,EX.01,FRANCES
PAGE D ECRITURE (2 VERSONS),SEM TITULO,EX.01,FRANCES
METRO SAINT-MICHEL-CD (1),BILAN,EX.01,FRANCES
"CAMPUS- CD(1,2,3)",SEM TíTULO-,EX.01,FRANCES
CHAMBRE AVEC VUE-MUSIQUES -,HENRI SALVADOR,EX.01,FRANCES
QUELQU UN M A DIT (MUSIQUE),CARLA BRUNI,EX.01,FRANCES
MADEMOISELLE CHATE- MUSIQUE,PATRICIA KAAS,EX.01,FRANCES
áREA DE HEBRAICO,DIVERSOS,,HEBRAICO
DICIONARIO BASICO PORTUGUES HEBRAICO,SOCIEDADE ESRAELITA DE SAO PAULO -1988,EX.01,HEBRAICO
DICIONARIO BASICO -HEBRAICO PORTUGUES,R. BALGUR H. IUSIM,EX.01,HEBRAICO
DICTIONAR EBRAIC-ROMIN,SINAI-TEL-AVIV-1972,EX.01,HEBRAICO
PEQUENO DICIONARIO PORTUGUES-HEBRAICO,HUZEFF ZLOCHEVSKY,EX.01,HEBRAICO
DICIONARIO HEBRAICO-HEBRAICO,DESCONHECIDO,EX.01,HEBRAICO
DICIONARIO HEBRAICO PORTUGUES,IDEL ZITMAN,EX.01,HEBRAICO
ENCYCLOPAEDIA BRITANNICA -15 TH EDITION -,ROBERT P. GWINN,EX.01- I ~ K,INGLÊS
THE NEW ENC.BRITHÂNNICA 15TH-EDITION,ROBERT P. GWINN,EX.01,INGLES
PROPAEDIA OUTLINE OF KNOWLEDGE-GUIDE TO BRITANNICA,ROBERT P. GWINN,EX.01,INGLES
THE NEW ENC.BRITHÂNNICA 15TH-EDITION,ROBERT P. GWINN,EX.02,INGLES
THE NEW ENC.BRITHÂNNICA 15TH-EDITION,ROBERT P. GWINN,EX.03,INGLES
ENCYCLOPAEDIA BRITANNICA BOOKS OF THE YEAR,ROBERT P. GWINN,EX.01,INGLES
ENCYCLOPAEDIA BRITANNICA ANNUAL-1990-WORLD DATA,DIVERSOS,EX.01,INGLES
ENCYCLOPAEDIA BRITANNICA PROPAEDIA-GUIDE TO BRITANNICA,DIVERSOS,EX.01,INGLES
ENCYCLOPAEDIA BRITANNICA 1991-BOOK OF THE YEAR-EVENTS 1990,DIVERSOS,EX.01,INGLES
ENCYCLPAEDIA BRITANNICA 1992-EVENTS 1991,DIVERSOS,EX.01,INGLES
ENCYCLOPAEDIA BRITANNICA 1993-EVENTS 1992,DIVERSOS,EX.01,INGLES
ENCYCLOPAEDIA BRITANNICA -1994 EVENTS 1993,DIVERSOS,EX.01,INGLES
ENCYCLOPAEDIA BRITANNICA 1995- EVENTS 1994,DIVERSOS,EX.01,INGLES
FIRTST CERTIFICATE ORGANIZER- EXAM. PREP.,JHON FLOWER,EX.01,INGLES
CONTENPORARY TOPICS,DAVID BEGLAR,EX.01,INGLES
CAMBRIDGE FIRST CERTIFICATE IN ENGLISH-C/ CD,CAMBRIDG1997,EX.01,INGLES
CORPORATE CITIZENSHIP,MALCOLM MCINTOSH,EX.01,INGLES
THE CASSELL THESAURUS-1998(1),CASSEL,EX.01,INGLES
OXFORD THESSAURUS OF ENGLISH,OXFORD UNIVERSITY,EX.01-EX.02-,INGLES
SEMIOTICS,WINFRIED NOTH,EX.01,INGLES
DICIONARIOS,DIVERSOS,,INGLES
WIBSTERS-SECOND EDITION,SIMON AND SCHUSTER,EX.01,INGLES
MODERNO DICIONARIO DE INGLES-PORT.INGLES -INGLES PORTUGUES,MICHAELIS (MELHORAMENTOS),EX.01,INGLES
NTCS-AMARICAN ENGLISH-C/ CD-1998,RICHARD A. SPEARS,EX.01,INGLES
VISUAL DICTIONARY 2000,DORLINZ KINDESLEY,EX.01,INGLES
ENGLISH LANGUAGE DICTIONARY,COLLINS COBILD,EX.01,INGLES
ESSENTIAL ENGLISH DICTIONARY,CHAMBERS,EX.01,INGLES
THE ADVENTURE OF MOMOTARO,RLPH F. MCCARTHY,EX.01,JAPONES
COMPREHENSIVE TECCHINICAL DICTIONARY- ENGLISH PORTUGUESE,LEWIU L. SELL,EX.01,INGLES
STUDNTS DICTIONARY,COLLINS COBILD,EX.01,INGLES
DICIONARIO INGLES PORTUGUES-PORTUGUES INGLES,ALVARO FRANCO,EX.01,INGLES
PRACTISE YOUR PHRASAL VERBS,BRIAN HEATON,EX.01,INGLES
ENGLISH GRAMMAR IN USE-SECOND EDIT.,RAYMOND MURPHY,EX.01-EX.02-,INGLES
ESSENTIAL GRAMMAR IN USE -ONE,RAYMOND MURPHY,EX.01,INGLES
NEW ENGLISH GRAMMAR IN USE SUPPLEMENTARY,LOUISE HASHEMI-WITH RAYMOND MURPHY,EX.01,INGLES
ENGLISH GRAMMAR IN USE-WITH ANSWERS EDITION,RAYMOND MURPHY,EX.01,INGLES
GRAMMAR IN USE-REFERENCE AND PRACTICE FOR INTERM.STUDENTS OF ENGLISH,RAYMOND MURPHY -C/ ANSWER KEY,EX.01,INGLES
A BASIC ENGLISH GRAMMAR-,JOHN EASTWOOD,EX.01-EX.02-,INGLES
VOCABULARY BUILDER (1),BERNARD SEAL,EX.01,INGLES
VOCABULARY BUILDER (2),BERNARD SEAL,EX.01,INGLES
VOCABULARIO TECNICO -INGLES PORTUGUES,MECANICA POPULAR,EX.01,INGLES
A COMPREHENSIVE ENGLISH GRAMMAR,"C.E. ECKERSLEY,MA",EX.01,INGLES
A PRACTICAL ENGLISH GRAMMAR,A. J. THOMSON,EX.01,INGLES
WEAK FORMS,COLIN MORTIMER,,INGLES
1001 PROVERBIOS EM CONTRASTE,MARTHA STEINBERG,EX.01,INGLES
SHOUGAKKOU SHAKAIKA CHIZUCHOU,TEIKOKUSHOIN,EX.01,JAPONES
MUKO E IKITAI AMOUSHI,KUN-YOKO FUJITA,EX.01,JAPONES
XOGUM,JAMES CLAVELL,EX.01,JAPONES
THE ELEPHANT MAN,TIM VICARY,EX.01,INGLÊS
HOKU-SAN NO KINNISHI,FUKAMI HARUO,EX.03,JAPONES
XOGUM,JAMES CLAVELL,EX.02,JAPONES
THIS IS SAN FRANCISCO,BETSY PENNINK,EX.01-EX.02-,INGLES
WHITE DEATH,TIM VICARY,EX.01-EX.02EX.03-EX.04-EX.05-EX.06-EX.07,INGLES
THE GNOMES,DIRCE GUEDES,EX.01,INGLES
THE ANTS PARTY,NICK BEARE,EX.01,INGLES
FREDS BOOTS,AMADEU MARQUES,EX.01,INGLES
THE MAGICIAN,JOHN ESCOTT,EX.01,INGLES
THE TOY CAR,ISRAEL JELIN,EX.01,INGLES
LETS START-MAGAZINE,BUCHLADEN,EX.01,INGLES
FRED SMITH,BRIAN RICHARDS,EX.01,INGLES
FREDS BOOTS,AMADEU MARQUES,EX.01-EX.02-,INGLES
TIME FOR A ROBBERY,JOHN ESCOTT,EX.01,INGLES
THE GIRL IN THE MIRROR,PAUL DAVIES,EX.01,INGLES
BUTTON SOUP,C.J.MOORE,EX.01,INGLES
AVALANCHE,MARK FOSTER,EX.01,INGLES
SALLYS PHONE,CHRISTINE LINDOP,EX.01,INGLES
THIS IS OXFORD,MARGARET TARNER,EX.01,INGLES
THIS IS LONDON,PHILIP PROWSE,EX.01,INGLES
STREETS OF LONDON,CHERRY GILCHRIST,EX.01,INGLES
THE BARCELONA GAME,STEPHEN RABLEY,EX.01,INGLES
GEORGE SEES STARS,DAVE COUPER,EX.01,INGLES
MEW YORK CAFE,MICHAEL DEAN,EX.01,INGLES
THE ADVENTURE CAPITAL OF THE WORLD,NATIONAL GEOGRAPHIC,EX.01,INGLES
THE HOUSE ON THE HILL,ELIZABETH LAIRD,EX.01,INGLES
FUKUSHU NO WARUJU,MASAHIKO TAKAJOU,EX.01,JAPONES
THE HOUSE ON THE HILL E,ELIZABETH LAIRD,EX.01-EX.02-,INGLES
BRASIL 500 YEARS,FRANCISCO LIMA,EX.01-EX.02-,INGLES
THE ARCADE,STEPHEN COLBOURN,EX.01,INGLES
THE MAGIC BARBER,JOHN MILNE,EX.01,INGLES
MEET THE SPOKIES,AMANDA CANT,EX.01,INGLES
DANGER AT SEA,KIERAN MCGOVERN,EX.01,INGLES
LAST CHANCE,PHILLIP BURROWS,EX.01,INGLES
PATSY AND MACAW,JOHN ESCOTT,EX.01,INGLES
AXLE TOM,CAROLINE LAIDLAW,EX.01,INGLES
STAR PICTURE,JOHN ESCOTT,EX.01,INGLES
LAISA IN LONDON,PAUL VICTOR,EX.01,INGLES
RATS BASEMENT,VERA ZAHAR,EX.01,INGLES
THE RANSOM OF RED CHIEF,O. HENRI,EX.01,INGLES
CUPID THE DOLPHIN,NATIONAL GEOGRAPHIC,EX.01,INGLES
THE GIRL IN THE MIRROR,PAUL DAVIES,EX.01-EX.02-,INGLES
GIRL ON A MOTORCYCLE,JOHN ESCOTT,EX.01,INGLES
THE WATCHERS,JENIFFER BASSET,EX.01-EX.02-,INGLES
SERLOCK HOLMES AND THE DUKE S SON,SIR ARTHUR CONAN DOYLE,EX.01,INGLES
L.A. DETECTIVE,PHILIP PROWSE,EX.01,INGLES
DRIVE INTO DANGER,ROSEMARY BORDER,EX.01,INGLES
MAISIE AND THE DOLPHIN,STEPHEN RABLEY,EX.01,INGLES
ANNA AND THE FIGHTER,ELIZABETH LAIRD,EX.01,INGLES
THE SHERIFF,ROBERT O NEILL,EX.01,INGLES
THE MYSTERY OF THE LOCH NESS MONSTER,LESLIE DUNK LING,EX.01,INGLES
ENGLISH GRAMMAR IN USE -,RAYMOND MURPHY,EX.01-EX.02-,INGLES
ARAUUND TOWN- SITUATIONAL CONVERSATION PRACTIC-GRAMM.E,MICHAEL OCKENDEN,EX.01,INGLES
DIVISAO SILáBICA DAS PALAVRAS EM INGLES-GRAMMAR.,JOHN KNOX,EX.01,INGLES
MANUAL OF AMERICAN ENGLISH-PRONUNCIATION,CLIFFORD H. PRATOR.JR.,EX.01,INGLES
CONSTRUCTING SENTENCES,EARL RAND,EX.01,INGLES
THE STATE OF HEALTH-ATLAS,JUDITH MACKAY,EX.01,INGLES
"NEW YORK,NEW YORK",INGRID FREEBAIRN,EX.01,INGLES
"SPACE,TIME AND ROCKETS",RHETA RANDOLPH,EX.01,INGLES
A LOVE LESSON,AMADEU MARQUES,EX.01,INGLES
TONY AND JO-JO,GATES LIVERIGHT,EX.01,INGLES
BAYWATCH,DEBORAH SCHWARTZ,EX.01,INGLES
THE LOST LOVE,JAN CAREW,EX.01,INGLES
HAPPY ELEPHANTS,NATIONAL GEOGRAPHIC,EX.01,INGLES
THE LAST PHOTHO,BERNARD SMITH,EX.01,INGLES
THE TAUTH MACHINE,NORMAN WHITNEY,EX.01,INGLES
ASMOV THE COMPLETE ROBOT,COLLINS ENGLISH LIBRARY,EX.01,INGLES
A BOY IN DANGER,ISRAEL JELIN,EX.01,INGLES
THE LOVE OF A KING,PETER DAINTY,EX.01,INGLES
GULLIVERS TRAVELS,JONATHAN SWIFT,EX.01,INGLES
JACK AND HIS COMPUTER,C.J.MOORE,EX.01,INGLES
EAR-RINGS FROM FRANKFURT,REG WRIGHT,EX.01,INGLES
A WORK OF ART,AMADEU MARQUES,EX.01,INGLES
TOMORROWS GIRL,JOHN ESCOTT,EX.01,INGLES
CASUALTY,PETER VINEY,EX.01,NGLES
APRIL FOOLS DAY,L.G. ALEXANDER,EX.01,INGLES
THE CAY,THEODORE TAYLOR,EX.01,INGLES
NEWSPAPER BOY,JOHN ESCOTT,EX.01,INGLES
THE SIGNALMAN AND THE GHOST AT THE TRIAL,CHARLES DICKENS,EX.01,INGLES
RICH MAN POUR MAN,T. C. JUPP,EX.01,INGLES
SHERLOCK HOLMES INVESTIGATES,SIR ARTHUR CONAN DOYLE,EX.01,INGLES
THE EYES OF MONTEZUMA,STHEPEN RABLEY,EX.01,INGLES
AMAZON ALERT,PAUL DAVIES,EX.01,INGLES
TOMORROWS GIRL,JONH SCOTT,EX.01-EX.02-,INGLES
THE GHOST OF GENNY CASTLE,JOHN SCOTT,EX.01,INGLES
DANGEROUUS JOURNEY -,ALWIN COX,EX.01-EX.02-,INGLES
SOME UNUSUAL PEOPLE,G. C. THORNLEY,EX.01,INGLES
ARTTIC RESCUE,EDUARDO AMOS,EX.01,INGLES
WINNIG AND LOSING,T.C. JUPP,EX.01,INGLES
FORTY YEARS OF POP,STEVE FLINDERS,EX.01,INGLES
THE NIGHIT THE MONSTER CAME,MARY CALHOUN,EX.01,INGLES
THE FLINSTONES IN VIVA ROCK VEGAS,ANDY HOPKINS,EX.01,INGLES
THE FLING SPY,ALWYN COX,EX.01,INGLES
ON THE BUS,NARA MATTOSO,EX.01,INGLES
ITS MAGIC,MARTA DE MELLO SOUZA,EX.01,INGLES
A MIDSUMMER NIGHTS DREAM,DAVID FOULDS,EX.01,INGLES
CHOCK,JOHN WYNDHAM,EX.01,INGLES
FREE WILLY,TOOD STRASSER,EX.01,INGLES
LIVROS EM INGLES COM CD- NíVEL II,DIVERSOS,,INGLES
HUCKLEBERRY FINN,MARK TWAIN,EX.01-EX.02-EX.03,INGLES
THE LAST OF THE MOHICANS,JAMES FENIMORE COOPER,EX.01,INGLES
THE LONG TUNNEL,JOHN MILNE,EX.01,INGLES
ERASER,ROBERT YINE,EX.01,INGLES
THE FUGITIVE,J.M.DILLARD,EX.01,INGLES
CHRISTMAS GREETINGS FROM DOUBLEDAY,JAMES CHALTON,EX.01,INGLES
THE BEATLES,PAUL SHIPTON,EX.01,INGLES
THE PROMISE,R.L. SCOTT,EX.01,INGLES
SHIFTING INTO OVERDRIVE,DAWSONS CREEK,EX.01,INGLES
SEVEN ONE ACT PLAYS,DONN BYRNE,EX.01,INGLES
CHANCE OF A LIFETIME,MARGARET IGGULDEN,EX.01,INGLES
THE BODY ON THE BEACH,JOYCE HANNAM,EX.01,INGLES
RUNNING AWAY,EDUARDO AMOS,EX.01,INGLES
INFORMATION TECHNOLOGY,PAUL A. DAVES,EX.01,INGLES
RUNNING AWAY,EDUARDO AMOS,EX.01,INGLES
THE SILVER ELEPHANT,COLLIER MACMILLAN,EX.01-EX.02-EX.03,INGLES
THROUG THE LOOKING-GLASS,LEWIS CARROL,EX.01-EX.02-,INGLES
THE PICTURE OF DORIAN GRAY,OSCAR WILDE,EX.01-EX.02-EX.03-EX-04,INGLES
SPACE MISSION,MIKE POTTER,EX.01,INGLES
LADY PORTIAS REVENGE,DAVID EVANS,EX.01,INGLES
LETS VISIT AUSTRIA,ALAN JAMES,EX.01,INGLES
FOOD FOR THOUGHT,PAULINE FRANCIS,EX.01,INGLES
THE MIDWICH CUCKOOS,JOHN WYNDHAM,EX.01,INGLES
THE LOST PRINCESS,GEORGE MACDONALD,EX.01,INGLES
MADAME DOUBTFIRE,ANNE FINE,EX.01,INGLES
NYPD BLUE,ALLAN COLLINS,EX.01,INGLES
BRAVEHERART,RANDALL WALLACE,EX.01,INGLES
STARGATE,ROLAND EMMERICH,EX.01-EX.02-,INGLES
THE MUNICH CONNECTION,PETER COOPER,EX.01,INGLES
THE LEGEND OF THE VITORIA -REGIA,STEVE AND MARIA YOLEN,EX.01,INGLES
SENSE AND SENSIBILITY,JANE AUSTEN,EX.01-EX.02-EX.03,INGLES
KIDNAP AND RESCUE,JOHN MILNE,EX.01,INGLES
THE BEGINNING OF EVERYTHING ELSE,DAWSONS CREECK,EX.01,INGLES
TREES,SARAH WOOLARD,EX.01,INGLES
THE BLUE SCARAB,JENNY DOOLEY,EX.01,INGLES
RACE TO MOON,SARAH WOOLARD,EX.01,INGLES
THE TITANIC HISTORY,MICHAEL POTTER,EX.01,INGLES
CONTOS DA ERA MEIJI,CENTRO DE ESTUDOS JAPONESES,EX.01,JAPONÊS
RAIN MAN -C/ CD- EX.01-EX.02,RONALD BASS,EX.01-EX.02-,INGLES
FRANKESTEIN -C/ CD,MARY SHELLEY,EX.01,INGLES
TREASURE ISLAND -C/ CD,ROBERT LOUIS STEVENSON,EX.01,INGLES
YOUR MONEY OR YOUR LIFE,PETER FOREMAN,EX.01-EX.02-,INGLES
LIVROS EM INGLES NIVEL IV,DIVERSOS,,INGLES
LITTLE HOUSE ON THE PRAIRIE,LAURA I. WILDER,EX.01,INGLES
THIS ROUGH MAGIC,MARY STEWART,EX.01,INGLES
THE MOSQUITO COAST,PAUL THEROUX,EX.01,INGLES
THE MOON SPINERS,MARY STEWART,EX.01,INGLES
THE BOYS FROM BRAZIL,IRA LEVIN,EX.01,INGLES
THE AFRICAN QUEEN,C.S.FORESTER,EX.01,INGLES
PEPE ON THE RUN,ERIC ALLEN,EX.01,INGLES
THE MAN WHIT THREE NAMES,JOHN ESCOTT,EX.01,INGLES
THE DOLLS HOUSE,KATHERINE MANSFIELD,EX.01,INGLES
A TIDY GHOST,PETER VINEY,EX.01,INGLES
CINDERELLA MAN,MARC CERASINI,EX.01,INGLES
NEW ARABIAN NIGHTS,ROBERT LOUIS STEVENSON,EX.01-EX.02-,INGLES
DESIREE WIFE OF MARSHAL BERNADOTTE-,ANNEMARIE SELINKO,EX.01-EX.02-,INGLES
THE AFRICAN QUEEN,C. S. FORESTER,EX.01-EX.02-,INGLES
OS METRALHAS (EM INGLES),WALT DISNEY,EX.01,INGLES
CLOUD COMPANY,CLARE WEST,EX.01,INGLES
A RIVER RAN OUT OF EDEN,JAMES V. MARSHALL,EX.01,INGLES
OUTSTANDING,P.G.WADEHOUSE,EX.01,INGLES
BOB GELDOF,LONGMAN FAMOUS LIVE,EX.01,INGLES
WHITE FANG,JACK LONDON,EX.01,INGLES
THE PORTRIT OF DORIAN GRAY,OSCAR WILDE,EX.01,INGLES
LIVROS EM INGLES -NIVEL V,DIVERSOS,,INGLES
GREAT EXPECTETION,CHARLES DIKENS,EX.01,INGLES
THE WARDEN,ANTHONY TROLLOPE,EX.01,INGLES
THE GIRL WHO LOVED TOM GORDON,STEPHEN KING,EX.01,INGLES
NO LONGER AT EASE,CHINUA ACHEBE,EX.01,INGLES
USED IN EVIDENCE,FREDERICK FORSITH,EX.01,INGLES
MISS JULIE,AUGUST STRINDBERG,EX.01,INGLES
RING OF THIVES,RICHARD PRESCOTT,EX.01,INGLES
LOLELY LADY,JOHN MILNE,EX.01,INGLES
THE FIRM,JOHN GRISHAM,EX.01,INGLES
ON THE BEACH,NEVIL SHUTE,EX.01,INGLES
THE SPECKED BAND,SIR ARTHUR CONAN DOYLE,EX.01,INGLES
THE STORY OF TROY,DAVID MAULE,EX.01,INGLES
MUMY MYSTERIES,DAVID MAULE,EX.01,INGLES
WHY I LIFE ATT THE P.O,EUDORA WELTY,EX.01,INGLES
RACING CLASSICS,DICK FRANCIS,EX.01,INGLES
A LONG NIGHIT AT ABU SIMBEL,PENELOPE LIVELY,EX.01,INGLES
HIS MOUTH WILL TASTE OF WORMWOOD,POPPY Z. BRITE,EX.01,INGLES
"PROPHET,MADMAN WANDERER",KAHLIL GIBRAN,EX.01,INGLES
A TASTE OF LIFE,SARA PARETSKY,EX.01,INGLES
FIRST AND LAST,TRUMAN CAPOTE,EX.01,INGLES
LIVROS COM CD-NIVEL VI,DIVERSOS,,INGLES
JANE EYRE -NIVEL VI,CHARLOTTE BRONTE,EX.01,INGLES
LIVROS EM INGLES-ADVANCED,DIVERSOS,,INGLES
MARLEY E ME,JOHN GROGAN,EX.01,INGLES
HEIDI- ADVANCED,JOHANA SPYRI,EX.01,INGLES
CHARLOTTES WEB,E.B.WHITE,EX.01,INGLES
SHAKESPEARE,BILL BRYSON,EX.01,INGLES
THE GREATEST GENERATION,TOM BROKAW,EX.01,INGLES
LYRIC POEMS,JOHN KEATS,EX.01,INGLES
PATHS INTO POETNY,JOANNE COLLIE,EX.01,INGLES
THE IMPORTANCE OF BEING EARNEST,OSCAR WILDE,EX.01,INGLES
DEMOCRACY IN AMERICA,ALEXIS DE TOCQUEVILLE,EX.01,INGLES
AIROPORT INTERNATIONAL,BRIAN MOYNAHAN,EX.01,INGLES
SELECTED SHORT STORIES,HENRY JAMES,EX.01,INGLES
THE IONIAN MISSION,PATRICK O BRIAN,EX.01,INGLES
THE DIAMOND AS BIG RITZ -,F. SCOTT FITZGERALD,EX.01-EX.02-,INGLES
TERMS OF ENDEARMENT,LARRY MCMURTRY,EX.01,INGLES
NIGHT,ELIE WIESEL,EX.01,INGLES
DAWN,ELIE WIESEL,EX.01,INGLES
THE ODYSSEY,T.E.LAWRENCE,EX.01-EX.02-,INGLES
A PORTRAIT OF THE ARTIST AS A YOUNG MAN,JAMES JOYCE,EX.01,INGLES
"UNCLE FEDYA HIS DOG,AND HIS CAT",EDUARD USPENSKY,EX.01,INGLES
SURVIVAL IN AUSCHWITZ,PRIMO LEVI,EX.01,INGLES
THE LAST OF THE MOHICANS -ADVANCED,JAMES FENIMORE COOPER,EX.01,INGLES
FAREWELL TO THE FLESH,GEMMA O CONNOR,EX.01,INGLES
THE LOVELY BONES,ALICE SEBOLD,EX.01,INGLES
OLD POSSUMS BOOK OF PRACTICAL CATS,T.S. ELIOT,EX.01,INGLES
THE ACCIDENT,ELIE WIESEL,EX.01,INGLES
THE WINTER OUR DISCONTENT,JOHN STEINBECK,EX.01,INGLES
ZERO HOUR,RAY BRADBURY,EX.01,INGLES
THE FIXER,BERNARD MALAMUD,EX.01,INGLES
THE ASSISTANT,BERMNARD MALAMUD,EX.01,INGLES
CURTAIN POIROTS LAST CASE,AGATHA CHRISTIE,EX.01,INGLES
ZORBA THE GREEK,NIKOS KAZANTZAKIS,EX.01,INGLES
A PROPER COMPANION,CANDICE HERN,EX.01,INGLES
LONG TIME COMING,SANDRA BROWN,EX.01,INGLES
OF MAN,JOSUE DE CASTRO,EX.01,INGLES
THE TRAIL OF THE SERPENT,JAN DE HARTOG,EX.01,INGLES
A HUSBANDS WATCH,KAREN TEMPLETON,EX.01,INGLES
NO!I DONT WANT TO JOIN A BOOK CLUB,VIRGINIA IRONSIDE,EX.01,INGLES
RAMSES THE BSON OF THE LIGHT,CHRISTIAN JACQ,EX.01,INGLES
TWENTY THOUSAND LEAGUES UNDER THE SEA,JULES VERNE,EX.01,INGLES
THE LAST OF THE MOHICANS,JAMES FENIMORE COOPER,EX.01-EX.02-,INGLES
THE GOOD IMIGRANT,NIKESH SHUKLA,EX.01,INGLES
ABOUT A BOY,NICK HORNBY,EX.01,INGLES
HIS LAST BOW,SIR ARTHUR CONAN DOYLE,EX.01,INGLES
MOMO,MICHAEL ENDE,EX.01,INGLES
GREAT GERMAN,JOHAM WOLFANG,EX.01,INGLES
BEST AMERICAN HUMOROUS,JAMES THURBER,EX.01,INGLES
THE OLD MAN AND THE SEA,HEMINGWAY,EX.01,INGLES
ROMEO AND JULIET -ADVANCED,JOHN DOVER WILSON,EX.01-EX.02-,INGLES
DON QUIXOTE,CERVANTES,EX.01,INGLES
THE GRAND TOUR,HARRY SEIDLER,EX.01,INGLES
AMBLER WARNING,ROBERT LUDLUM,EX.01,INGLES
THE ILLIAD,HOMER,EX.01,INGLES
THE WINDOWS MITE,FERROL SAMS,EX.01,INGLES
CLASSIC TEEN STORIES,BETSY BYARS,EX.01,INGLES
VILLETTE,CHARLOTE BRONTE,EX.01,INGLES
HARD RAIN,JANWILLEM VAN DE WETERING,EX.01,INGLES
LEAVES OF GRASS,WALT WHITMAN,EX.01,INGLES
IVAN GONCHAROV,OBLOMOV,EX.01,INGLES
WIDE-EYED IN BABYLON,RAY MILLAND,EX.01,INGLES
THE BEAUTIFUL NORTHWEST,SUNSET BOOKS,EX.01,INGLES
HOLY BIBLE,THE GIDEONS INTERNATIONAL,EX.01,INGLES
NOVO TESTAMENTO PORTUGUES INGLES,GIDEONS,EX.01,INGLES
MADAME TUSSAUD D,E.V.GATACRE,EX.01,INGLES
THE GOOSE WHITE THE GOLDEN EGGS -EASY READERS,GIAMBATTISTA BASILE,EX.01,INGLES
THE MOST INCREDIBLE THING -BEGNERS,HANS CHRISTIAN ANDERSEN,EX.01,INGLES
DIZIONARIO ANALOGICO DELLA LINGUA ITALIANA,TEA,EX.01,ITALIANO
LA GRAMMATICA DELLA LINGUA ITALIANA,MARCELLO SENSINI,EX.01,ITALIANO
VERBI ITALIANI,ALESSANDRA PONTESILLI,EX.01,ITALIANO
A ARTE DE CONJUGAR VERBOS ITALIANOS,MIMMA DIACO E LAURA KRAFT,EX.01,ITALIANO
CORSO DI LINGUA ITALIANA PER STRANIERI,ALESSANDRO SORIANI,EX.01,ITALIANO
NUOVO PROGETTO ITALIANO- C/ 02 CDS,T. MARIN & S. MAGNELLI,EX.01,ITALIANO
PROGETTO ITALIANO (1) LIBRO DEI TESTI E DELLA GRAMATICA,T. MARIN&S. MAGNELLI,EX.01,ITALIANO
PROGETTO (1) LIBRO DEGLI ESERCIZI,S. MAGNELLI & T. MARIN,EX.01,ITALIANO
MHETODE AUDIO VISUELLE D ITALIEN,D. CERNECCA,EX.01,ITALIANO
LEITURA FACILITADA EM ITALIANO,DIVERSOS,,ITALIANO
GL INNAMORATI,GOLDONI,EX.01,ITALIANO
STORIA DI UNA CAPINERA,VERGA,EX.01,ITALIANO
IL VELO DISSOLTO,GEORGE ELIOT,EX.01,ITALIANO
L UMORISMO,PIRANDELLO,EX.01,ITALIANO
IL TURNO,PIRANDELLO,EX.01,ITALIANO
IL FANTASMA DE CANTERVILLE,OSCAR WILDE,EX.01,ITALIANO
LA GIARA,LUIGI PIRANDELLO,EX.01,ITALIANO
DON CHISCIOTE DELLA MANCHA,MIGUEL DE CERVANTES,EX.01,ITALIANO
GIULIETTA E ROMEO,WILLIAM SHAKESPEARE,EX.01,ITALIANO
DON GIOVANNI IN SICILIA,VITALINO BRANCATI,EX.01,ITALIANO
CINQUE NOVELLE,MARIO SOLDATI,EX.01,ITALIANO
L EDERA,GRAZIA DELEDDA,EX.01,ITALIANO
LA BOUTIQUE DEL MISTERO,DINO BUZZATI,EX.01,ITALIANO
SETTE RACCONTI,ALBERTO MAORAVIA,EX.01,ITALIANO
LA RAGAZZA DI BUBE,CARLO CASSOLA,EX.01,ITALIANO
COME D INCANTO,DISNEY,EX.01,ITALIANO
AVENTURA NELL ISOLA DEL TESORO,R. L. STEVENSON,EX.01,ITALIANO
LA PORTA DALLE SETTE CHIAVI,EDGAR WALLACE,EX.01,ITALIANO
TUTTI AL MARE,MICHELE SERRA,EX.01,ITALIANO
FOLKLORE E FAVOLE ROMENE,E.S.A.P,EX.01,ITALIANO
LA STAGIONE DELLA CACCIA,ANDREA CAMILLERI,EX.01,ITALIANO
LA FORMA DELL ACQUA,ANDREA CAMILLIERI,EX.01,ITALIANO
FILUMENA MARTURANO(TEATRO),EDUARDO DE FILIPPO,EX.01,ITALIANO
NAPOLI MILIONARIA -(TEATRO),EDUARDO DE FILIPPO,EX.01,ITALIANO
IL SOGNO DI SCIPIONE,IAIN PEARS,EX.01,ITALIANO
IL VERO GIARDINIERE NON SI ARRENDE,PAOLO PEJRONE,EX.01,ITALIANO
COM E DOLCE SAPERE CHE ESISTI,ROMANO BATTAGLIA,EX.01,ITALIANO
MAL DI PIETRE,MILENA AGUS,EX.01,ITALIANO
LA SCUOLA DEGLI EGOISTI,ERIC-EMMANUEL SCHMITT,EX.01,ITALIANO
IL MIO PIEDE SINISTRO,CHRISTY BROWN,EX.01,ITALIANO
LE PAGINE STRAPPATE,CRISTINA COMENCINI,EX.01,ITALIANO
GLI AMORI DIFFICILI,ITALO CALVINO,EX.01,ITALIANO
I NOSTRI ANTENATI,CALVINO,EX.01,ITALIANO
A CURA DI OTTAVIO BARIé,UNIVERSALE CAPPELLI,EX.01,ITALIANO
"BEL COLPO,BARNEY",ED LACY,EX.01,ITALIANO
CURRICOLO DI ITALIANO PER STRANIERI,UNIVERSITA PER STRANIERI DI SIENA,EX.01,ITALIANO
FOTOGRAFIE/1952-2002,LUCIANO D ALESSANDRO,EX.01,ITALIANO
A MASCARA TEATRAL NA ARTE DOS SARTORI,DONATO SARTORI,EX.01,ITALIANO
SUA MAE ESTá IL PO,MAURO GALLIGANI (éPOCA),EX.01,ITALIANO
NINHONGO DAI JITEN-ENCICLOPEDIA,HARUHITO K.DIC.,EX.01,JAPONES
DICIONARIO BASICO PORTUGUES JAPONES,MASSAO OHONO,EX.01,JAPONES
AN ENCYCLOPEDIA OF THE JAPANESE LANGUAGE,DESCONHECIDO,EX.01,JAPONES
NOVO CURSO BASICO DE JAPONES -5,ALIANçA CULTURAL BRASIL JAPãO,EX.01,JAPONES
DICIONARIO JAPONES PORTUGUES-PRIMEIRA EDIçAO,PORTO EDITORA,EX.01,JAPONES
PICTORIAL ENCYCLOPEDIA OF JAPANESE CULTURE,SHIN MEIKAI II-KOKUGO JITEN-SANSEIDO,EX.01,JAPONES
DICIONARIO DE TERMOS TECNICOS-PORTUGUES-INGLES-JAPONES-,DESCONHECIDO-VOCABULARIOS DE COMERCIO EXTERIOR,EX.01,JAPONES
CELEBRAçãO HAICAI,TERUKO ODA,EX.01,JAPONES
JAPANESE ENGLISH DICTIONARY,KENKYUSHA S,EX.01,JAPONES
DICTIONARY KOKUGO JITEN,JITSUREI,EX.01,JAPONES
DICTIONARY TEGAMI NO JITEN,JITSUREI,EX.01,JAPONES
AUL DEUTSCH GESAG (2) -,RUDOLF SCHNEIDER,EX.01-EX.02-EX.03,ALEMAO
YOTSUBA (1),KIYOHITO AZUMA,EX.01,JAPONES
YOYSUBA-2,KIYOHITO AZUMA,EX.01,JAPONES
EEE,W,1,W
SEVEN- NIVEL (4) C/ 02 CDS,ANTONY BRUNO,EX. 01,INGLES
"MARY,QUEEN OF SCOTS-N. (1)",TIM VICARY,EX.01,INGLES
ALISSA -N. 1,C.J.MOORE,EX. 01,INGLES
THE CURSE OF THE MUMMY -N.1,JOYCE HANNAM,EX.01,INGLES
DON QUIJOTE DE LA MANCHA,MIGUEL DE CERVANTES,EX.01,ESPANHOL
LITTLE HOUSE ON THE PRAIRIE-N. 3,LAURA INGALLS WILDER,EX.01,INGLES
SHOGAKU BEST KYOKA JITEN,EDITORA GAKUSHU KENKYUSHA,EX.01,JAPONÊS
SHOGAKU BEST KYOKA JITEN,EDITORA GAKUSHU KENKYUSHA,EX.02,JAPONÊS
SHOGAKU BEST KYOKA JITEN,EDITORA GAKUSHU KENKYUSHA,EX.03,JAPONÊS
SHOGAKU BEST KYOKA JITEN,EDITORA GAKUSHU KENKYUSHA,EX.04,JAPONÊS
SHOGAKU BEST KYOKA JITEN,EDITORA GAKUSHU KENKYUSHA,EX.05,JAPONÊS
DUDEN 2 STILWORTERBUCH,HANDAPPARAT,EX.02,ALEMAO
LANGESCHEIDT TASCHENWORTERBUCH,LANGESCHAIDTS,EX.02,ALEMAO
THEMEN NEU (1),HEIKO BOCK,EX.01,ALEMAO
THEMEN NEU (1),HEIKO BOCK,EX.02,ALEMAO
THEMEN NEU (1),HEIKO BOCK,EX.03,ALEMAO
THEMEN NEU 1 – ARBEITSBUCH,EIKO BOCH,EX.-01,ALEMAO
THEMEN NEU 1 – ARBEITSBUCH,EIKO BOCH,EX.-02,ALEMAO
THEMEN NEU 1 – ARBEITSBUCH,EIKO BOCH,EX.-03,ALEMAO
THEMEN NEU 1 KURSBUCH,EIKO BOCH,EX.01,ALEMAO
THEMEN NEU 1 KURSBUCH,EIKO BOCH,EX.02,ALEMAO
THEMEN NEU 1 LEHRENHANDBUCH,HEIKO BOCK,EX.01,ALEMAO
THEMEN NEU 1 LEHRENHANDBUCH,HEIKO BOCK,EX.02,ALEMAO
THEMEN NEU 1 LEHRENHANDBUCH,MECHTHID GERDES,EX.01,ALEMAO
THEMEN NEU 1 LEHRENHANDBUCH,MECHTHID GERDES,EX.02,ALEMAO
THEMEN NEU 1 LEHRENHANDBUCH,MECHTHID GERDES,EX.03,ALEMAO
THEMEN NEU 2,HUEBER,EX.03,ALEMAO
THEMEN NEU 2,HUEBER,EX.03,ALEMAO
THEMEN NEU 2,HUEBER,EX.04,ALEMAO
THEMEN NEU 2 ARBEITSBUCH AUSLANDTHEMEN NEU 2 ARBEITSBUCH AUSLAND,HERNER BONZLI,EX.01,ALEMAO
THEMEN NEU 2 ARBEITSBUCH AUSLAND,HERNER BONZLI,EX.02,ALEMAO
THEMEN NEU 3 KURSBUCH,HERNER BONZLI,EX.01,ALEMAO
THEMEN NEU 3 KURSBUCH,HERNER BONZLI,EX.02,ALEMAO
THEMEN NEU 3 KURSBUCH,HERNER BONZLI,EX.02,ALEMAO
THEMEN NEU 3 KURSBUCH,HERNER BONZLI,EX.03,ALEMAO
THEMEN NEU 3 ARBEITSBUCH,EIKO BOCH,EX.01,ALEMAO
THE GAMBLING APOCALYPSE,KAIJI,EX.02,JAPONES
THEMEN NEU 3 ARBEITSBUCH,EIKO BOCK,EX.02,
THEMEN NEU 3 ARBEITSBUCH,EIKO BOCK,EX.03,ALEMAO
DIE SUCHE 1 - PROBLEKAPTEL,HANZ M. EZENBERGER,EX.01,ALEMAO
DIE SUCHE 1 - PROBLEKAPTEL,HANZ M. EZENBERGER,EX.02,ALEMAO
LANGENSCHEIDT TASCHENWORTERBUCH,LANGENSCHEIDT,EX.01,ALEMAO
LANGENSCHEIDT TASCHENWORTERBUCH,LANGENSCHEIDT,EX.02,ALEMAO
LANGENSCHEIDT TASCHENWORTERBUCH,LANGENSCHEIDT,EX.01,ALEMAO
LANGENSCHEIDT TASCHENWORTERBUCH,LANGENSCHEIDT,EX.02,ALEMAO
THEMEN NEU 1 LEHRERHANDBUCH,MECHTHID GERDES,EX.02,ALEMAO
THEMEN NEU 1 LEHRERHANDBUCH,MECHTHID GERDES,EX.03,ALEMAO
THEMEN NEU 1 LEHRERHANDBUCH,MECHTHID GERDES,EX.02,ALEMAO
THEMEN NEU 1 LEHRERHANDBUCH,MECHTHID GERDES,EX.03,ALEMAO
THEMEN NEU ARBEITSBUCH 2,HUEBER,EX.01,ALEMAO
THEMEN NEU ARBEITSBUCH 2,HUEBER,EX.02,ALEMAO
THEMEN NEU ARBEITSBUCH 2,HUEBER,EX.03,ALEMAO
THEMEN NEU ARBEITSBUCH 2,HUEBER,EX.O4,ALEMAO
METODO AUTODIDATICO DE INICIACAO AO HEBRAICO-1991 (02 UNIDA.),DORA FRAIMAN BLATYTA,EX.02,HEBRAICO
THEMEN NEU 2 ARBEITSBUCH AUSLAND,WERNER BONZLI,EX.01,ALEMAO
THEMEN NEU 2 ARBEITSBUCH AUSLAND,WERNER BONZLI,EX.02,ALEMAO
THE NEW ENC.BRITHÂNNICA 15TH-EDITION,ROBERT P. GWINN,EX.05,INGLÊS
THE NEW ENC.BRITHÂNNICA 15TH-EDITION,ROBERT P. GWINN,EX.06,INGLÊS
THE NEW ENC. BRITANNICA,ROBERT P.GWINN,EX.07,INGLES
THE NEW ENC. BRITANNICA- 15TH EDITION,ROBERT P.GWINN,EX.08,INGLES
THE NEW ENC. BRITANNICA- 15TH EDITION,ROBERT P.GWINN,EX.09,INGLES
THE NEW ENC. BRITANNICA- 15TH EDITION,ROBERT P.GWINN,EX.10,INGLES
THE NEW ENC. BRITANNICA- 15TH EDITION,ROBERT P.GWINN,EX.11,INGLES
THE NEW ENC. BRITANNICA- 15TH EDITION,ROBERT P.GWINN,EX.12,INGLES
THE NEW ENC. BRITANNICA- 15TH EDITION,ROBERT P.GWINN,EX.13,INGLES
THE NEW ENC. BRITANNICA- 15TH EDITION,ROBERT P.GWINN,EX.14,INGLES
THE NEW ENC. BRITANNICA- 15TH EDITION,ROBERT P.GWINN,EX.15,INGLES
THE NEW ENC. BRITANNICA- 15TH EDITION,ROBERT P.GWINN,EX.16,INGLES
THE NEW ENC. BRITANNICA- 15TH EDITION,ROBERT P.GWINN,EX.17,INGLES
THE NEW ENC. BRITANNICA- 15TH EDITION,ROBERT P.GWINN,EX.18,INGLES
THE NEW ENC. BRITANNICA- 15TH EDITION,ROBERT P.GWINN,EX.19,INGLES
DICTIONARY OF CONTEMPORARY,LONGMAN,EX.06,INGLES
DICTIONARY OF CONTEMPORARY,LONGMAN,EX.07,INGLES
DICTIONARY OF CONTEMPORARY,LONGMAN,EX.08,INGLES
DICTIONARY OF CONTEMPORARY,LONGMAN,EX.09,INGLES
DICTIONARY OF CONTEMPORARY,LONGMAN,EX.10,INGLES
CHUTOUSHIN KOKUGO -I,ISHIMORI ENDANHEN,EX.01,JAPONES
HOKU-SAN NO KINNISHI,FUKAMI HARUO,EX.01,JAPONES
HOKU-SAN NO KINNISHI,FUKAMI HARUO,EX.02,JAPONES
LOVE OR MONEY,ROVENA AKINYEMI,EX.01,INGLES
LOVE OR MONEY,ROVENA AKINYEMI,EX.02,
RICK MARTIN,ROD SMITH,EX.01,INGLES
RICK MARTIN,ROD SMITH,EX.02,INGLES
STORIES FOR EVERYONE,DONN BYRNE,EX.02,INGLES
STORIES FOR EVERYONE,DONN BYRNE,EX.01,INGLÊS
THE ELEPHANT MAN,TIM VICARY,EX.02,INGLES
SHONEN SUNDAY COMICS 09,MANGA,EX.01,JAPONES
SHONEN SUNDAY COMICS 11,MANGA,EX.02,JAPONES
SHONEN SUNDAY COMICS 12,MANGA,EX.03,JAPONES
SHONEN SUNDAY COMICS 16,MANGA,EX. 04,JAPONES
SHONEN SUNDAY COMICS 17,MANGA,EX.05,JAPONES
SHONEN SUNDAY COMICS 19,MANGA,EX.06,JAPONES
SHONEN SUNDAY COMICS 24,MANGA,EX.07,JAPONES
SHONEN SUNDAY COMICS 27,MANGA,EX.08,JAPONES
SHONEN SUNDAAY COMICS 08,MANGA,EX.09,JAPONES
SHAMAN KING 11,HIROYUKI TAKEI,EX.01,JAPONES
QUI ITALIA NIVEL MEDIO,ALBERTO MAZETTI,1,ITALIANO
ITALIA APRESENTAçãO -PAIS ETC,MARIO NILO,1,ITALIANO
LINEA DIRECTA (2) CURSO DE ITALIANO NIVEL MEDIO,CORRADO CONFORTI,01 S/CD,ITALIANO
STORIA DE ROMA,INDRO MONTANELLI,1,ITALIANO
NOVELLS DI ANDERSEN,ZIO FANTASSO,1,ITALIANO
LA SELVAGGIA,HELEN CONRAD,1,ITALIANO
NON CHEDERE DI PIU,LEIGH MICHAELS,1,ITALIANO
QUELLA TENERA AMICIZIA,MARY MOORE,1,ITALIANO
COLETANEA,MIKHAIL BULGAROV,EX.01,RUSSO
RESSURREICAO,LIEV TOLSTOI,EX.01,RUSSO
MIRGOROD,NIKOLAI GOGOL,EX.01,RUSSO
PECAS (1886-1910),LIEV TOLSTOI,EX.01,RUSSO
NOVELAS E CONTOS (1872-1886),LIEV TOLSTOI,EX.01,RUSSSO
A CASA DA GATA,S. MARCHAK,EX.01,RUSSO
COMO O GANSINHO CACOU A RAPOSA,G. OSTER,EX.01,RUSSO
O URSINHO,DESCONHECIDO,EX.01,RUSSO
NIKITA E SEUS AMIGOS,DESCONHECIDO,EX.01,RUSSO
O PASSEIO,J. KSVALEVSKAIA,EX.01,RUSSO
COMO O GANSINHO CACOU A RAPOSA,G. OSTER,EX.02,RUSSO
O URSO GRISALHO,V. DONILOV,EX.01,RUSSO
O GATO DE BOTAS,CHARLES PERROUT,EX.01,RUSSO
CHAPEUZINHO VERMELHO,CHARLES PERRAUT,EX.01,RUSSO
A POMBINHA E A FORMIGA,TOLSTOI,EX.01,RUSSO
O REVISOR,GOGOL,EX.01,RUSSO
POBRE LISA,NICOLAI KARAMAZIN,EX.01,RUSSO
PITOMNIC (VIVEIRO) I,POLINA DACHOKOVA,EX.01,RUSSO
PITOMNNIC (VIVEIRO) II,POLINA DACHOKOVA,EX.01,RUSSO
PITOMNIC (VIVEIRO) III,POLINA DACHOKOVA,EX.01,RUSSO
NOVELAS E CONTOS,V.F. ODOIEVSKI,EX.01,RUSSO
JANTAR CO COBRA PARA SOBREMESA,GERALD DURELL,EX.01,RUSSO
"EM UM MES, EM UM ANOI",FRANCOISE SAGAN,EX.01,RUSSO
ESCRITORES SOVIETICOS,VALENTIM RASPUTIM,EX.01,RUSSO
NOSSOS,SERGUEI DOVATLOV,EX.01,RUSSO
A FOLHA QUE CAI,VITOR ASTAPEV,EX.01,RUSSO
GUERRA,IVA STDNUIUK,EX.01,RUSSO
RUIVA-QUESTAO FAMILIAR,POLINA DELVING,EX.01,RUSSO
TRES ESPOSAS,ELENA BOGATERIOVA,EX.01,RUSSO
NAQUELE TEMPO EU FUI HOSPEDE NA TERRA,ANNA AKHMATOVA,EX.01,RUSSO
ANNA KARENINA -PARTES 1/4,LIEV TOSTOI,EX.01,RUSSO
CIDADE PERDIDA,ARKADI S. BORIS S.,EX.01,RUSSO
LICOES DE FRANCES -NOVELA,VALENTIN RASPUTIN,EX.01,RUSSO
ESTRONDOS,DENIS BULIAKOV,EX.01,RUSSO
NOVELAS,VALENTIN RASPUTIN,EX.01,RUSSO
RESSURREICAO -NOVELAS E CONTOS,LIEV TOLSTOI,EX.01,RUSSO
EXERCICIOS EM JOGOS,A.R. ARUTIONOV,EX.01,RUSSO
SEVEN STORIES OF MYSTERY AND HORROR,EDGAR ALLAN POE,EX.01,INGLES
SIGN OF TOUR,SIR ARTHUR CONNAN DOYLE,EX.01,INGLES
"NA REGIAO DAS MONTANHAS,JARDINS E VIDEIRAS",SERGUEI ARUTIONOV,EX.01,RUSSO
CONTOS,V. GAUF,EX.01,RUSSO
PEDREIRA,VASIL BYKOV,EX.01,RUSSO
NOVELAS,ALBERT LIKHANOV,EX.01,RUSSO
JE T AIME MA VIE,A.V.ABRAMOVITCH,EX.01,RUSSO
ANTOLOGIA DA PROSA SOVIETICA-1920A1940,DESCONHECIDO,EX.01,RUSSO
NOITES BRANCAS,FIODOR DOSTOIWISK,EX.02,RUSSO
TUK TUK TUK -HISTORIAS INFANTIS,DESCONHECIDO,EX.01,RUSSO
0 PRESENTE DO PASTOR IVAN,VLADIMIR PRIKHODKO,EX.03,RUSSO
DICIONARIO RUSSO PORTUGUES-EDICAO 1975,DESCONHECIDO,EX.01,RUSSO
GUERRA E PAZ-EDICAO 1944,TOLSTOI,EX.01,RUSSO
VAMOS LA-REVISTA MENSAL,DESCONHECIDO,EX.01,RUSSO
VAMOS LA-REVISTA MENSAL,DESCONHECIDO,EX.02,RUSSO
VAMOS LA- REVISTA MENSAL,DESCONHECIDO,EX.03,RUSSO
EXERCICIOS DE LINGUA RUSSA-1981,S. JAVRONINA,EX.01,RUSSO
EXERCICIOS DE LINGUA RUSSA 1981,S. LAVRONINA,EX.02,RUSSO
EL VERBO RUSO,TRADUCAO-E. BELIAYEV,EX.01,RUSSO
RUSSO PARA TODOS -MANUAL,NAO CONSTA,EX.01,RUSSO
EXERCICIOS DE LINGUA RUSSA,S. JAVRONINA,EX.02,RUSSO
CDS EM RUSSO,DIVERSOS,DIVERSOS,RUSSO
BEIJOS PERDIDOS,DESCONHECIDO,EX.01,RUSSO
